name,chain,block,contract
aes,56,23695904,0xDe0CFF76bcC0ee14c3e73aF630C029fe020F907
apemaga,1,20175261,0x56FF4AfD909AA66a1530fe69BF94c74e6D44500C
aventa,1,22358982,0x33B860FC7787e9e4813181b227EAffa0Cada4C73
axioma,56,27620320,0x2C25aEe99ED08A61e7407A5674BC2d1A72B5D8E3
bamboo,56,29668034,0xED56784bC8F2C036f6b0D8E04Cb83C253e4a6A94
bego,56,22315679,0x3427744992554ce5F8ac6621133D13bc1b34972
bevo,56,25230702,0x6ecd12df4520B7B183f64C79e585b8462e18B6Aa
bunn,56,29304627,0xc54AAeef5FA1b6c007d019a9d14dFb4a77CC3039
cellframe,56,28708273,0xf3E1449DDB6b218dA2C9463D4594CEccC8934346
cellframe,56,28708273,0xd98438889Ae7364c7E2A3540547Fad042FB24642
depusdt,1,17484161,0x7b190a928Aa76EeCE5Cb3E0f6b3BdB24fcDd9b4f
dfs,56,24349821,0x2B806e6D78D8111dd09C58943B9855910baDe005
fapen,56,28637846,0x3F1aBae8BfeCA054B330C379794A7bf84988228
fil314,56,37705991,0x38A290c6Fea6C0b79C9cfaE1878aE6F14aeb59aF
game,1,19213946,0x52d69c67536f55EfEfe02941868e5e762538dBD6
gss,56,31108558,0x37e42B961AE37883BAc2fC29207A5F88eFa5db66
health,56,22337425,0x32B166e082993Af6598a89397E82e123ca44e74E
hpay,56,22280853,0xC75aa1Fa199EaC5adaBC832eA4522Cff6dFd521A
mbc,56,23474460,0x4E878880A72f6896E7e0a635A5838fFe89b13bd17
melo,56,27960445,0x9A1aEF8C9ADA4224aD774aFdaC07C24955C92a54
olife,56,27410678,0xb5a5ad0c557dc62Ee32bb4BbC925Cc62bE41a9e3fa
pledge,56,44555337,0x061944c30f3e47DABafB50813Efb05c4c0c95251
pltd,56,22252045,0x29b2525e11BC0B0E9E59f705F318601eA6756645
rfb,56,23649423,0x26f1457f067bF26881F31183391b52cA871a4b5
safemoon,56,26854757,0x42981d0bfbAf196529376EE702F2a9Eb9092fcB5
seama,56,23467515,0x6bc9b4976ba6f8C9574326375204eE469993D038
sgeth,1,18041975,0x9e52dB44d62A8c9762FA847Bd2eBa9d0585782d1
sgeth,1,18041975,0x85Bc06f4e3439d41f610a440Ba0FbE333736B310
shadowfi,56,20969095,0x1b028d2810dD462E7EB10c6facfF18f7878593351b
sut,56,30165901,0x70E1bc7E53EAa96B74Fad1696C29459829509bE2
swapos,1,17057419,0xf40593A22398c27723726A81212f7D41023b630
ucrii,1,15767837,0x418C24191aE947A78C99fDc0e45a1f96Afb254BE
unibtc,1,20836583,0x047D41F2544B7F63A8e991aF2068a363d210d6Da
upswing,1,16433820,0x35a254223960c18B69C0526c46B013D022E93902
uranium,56,6920000,0x9B9baD4c6513E0fF3fB77c739359D59601c7cAfF
uwerx,1,17826202,0x43130306b3ee8d108c4624e9018b64D8b21fb3c54
wifcon,1,20103189,0xA1cE407102E15d04147a6c74D0bAB96772F36E99
zeed,56,17132514,0xe7748fCe1D1e2f2DdDd8507074745Da8Ea
